<?xml version="1.0" encoding="UTF-8"?>
<jcr:root xmlns:jcr="http://www.jcp.org/jcr/1.0" xmlns:nt="http://www.jcp.org/jcr/nt/1.0"
    jcr:primaryType="nt:unstructured">
    <items jcr:primaryType="nt:unstructured">
        <color-picker
            jcr:primaryType="nt:unstructured"
            fieldIcon="colorPalette"
            fieldMetaTypes="[color-picker]"
            fieldProperties="[labelfield,maptopropertyfield,placeholderfield,requiredfield,textvaluefield]"
            fieldPropResourceType="dam/cfm/models/editor/components/datatypes/field"
            fieldResourceType="[granite/ui/components/coral/foundation/form/colorfield]"
            fieldTitle="Color Picker"
            listOrder="1"
            renderType="text"
            valueType="[string,string[]]"/>
        <text-multi/>
        <number/>
        <boolean/>
        <date/>
        <enumeration/>
        <tags/>
        <reference/>
        <fragment-reference/>
        <json/>
        <tab-placeholder/>
    </items>
</jcr:root>
